2485491f-9113-42e9-a2b0-1308cdfba8b4,2020-03-23T23:21:30,Katy,Perry,10/20/1992,384-73-8292,8,53,15,24,OUT OF RANGE,"Morphology:
Cells do not have inclusions

Comments:
Normal White Blood Cells
"
d3cd30c7-1c44-4a2c-9eb2-9c492907e3c7,2020-03-23T22:16:31,Ethan,Park,09/18/1995,657-48-8294,5,55,14,26,OUT OF RANGE,"Morphology:
Cells do not have inclusions

Comments:
Normal White Blood Cells

Reviewed"
783222d2-9d79-47e0-ada5-b2a300dcda95,2020-03-23T22:13:29,John,Doe,12/21/1999,883-62-4893,4,45,15,36,OUT OF RANGE,
0bde149c-954f-492e-9571-0ff62d5e9473,2020-03-24T01:02:55,Jessica,Chu,10/31/1984,662-72-9611,8,54,10,28,OUT OF RANGE,"Morphology:
Cells have inclusions
Pappenheimer bodies found
Blast Cells are present

Comments:
Immature White Blood Cells 
Possible Acute Myeloid Lukemia

Further Testing Required for clonal cells
"
